name, Success rate, fail accuracy, success accuracy 
cyl30,85.89108910891089,90.5940594059406,81.1881188118812
cyl35,80.82191780821918,78.76712328767124,82.87671232876713
poly6,87.06896551724138,89.65517241379311,84.48275862068965
sqr30,88.97058823529412,94.11764705882352,83.82352941176471
str40,85.80645161290322,87.09677419354838,84.51612903225806
cyl45,93.82716049382715,96.29629629629629,91.35802469135803
elp40,91.91176470588235,94.85294117647058,88.97058823529412
poly10,87.59689922480621,89.14728682170544,86.04651162790698
